{
    "accuracy": 0.8774577046181985,
    "precision": 0.8245053695669481,
    "recall": 0.8799393275709929,
    "f1_score": 0.847144183074605,
    "confusion_matrix": {
        "classes": [
            "Positif",
            "Netral",
            "Negatif"
        ],
        "matrix": [
            [
                1135,
                41,
                101
            ],
            [
                6,
                206,
                16
            ],
            [
                53,
                51,
                578
            ]
        ]
    }
}